{
    "params": {
        "alpha_Z": -2.4906179904937744,
        "xi_Z": 0.9094204306602478,
        "omega_Z": 0.17501172423362732,
        "sigma_z_x_ctrl_3": [
            0.4817042350769043,
            0.871414303779602
        ],
        "sigma_z_y_ctrl_3": [
            0.007543285842984915,
            0.0042913686484098434
        ],
        "alpha_z_x_ctrl_4": [
            0.5224711894989014,
            0.6142444014549255,
            0.837573766708374
        ],
        "alpha_z_y_ctrl_4": [
            0.871966540813446,
            -1.054534673690796,
            -0.22351495921611786
        ],
        "xi_z_x_ctrl_4": [
            0.4374890625476837,
            0.6783440709114075,
            0.851109504699707
        ],
        "xi_z_y_ctrl_4": [
            0.04845168814063072,
            0.012449029833078384,
            0.0007832124829292297
        ],
        "omega_z_x_ctrl_4": [
            0.5330310463905334,
            0.6277800798416138,
            0.9424391984939575
        ],
        "omega_z_y_ctrl_4": [
            0.019548887386918068,
            0.010969650000333786,
            0.00380699266679585
        ],
        "alpha_x_ctrl_4": [
            0.0037373192608356476,
            0.012270953506231308,
            0.03401067480444908
        ],
        "alpha_y_ctrl_4": [
            0.5402878522872925,
            0.1389024257659912,
            0.06812766194343567
        ],
        "beta_x_ctrl_4": [
            0.0044834204018116,
            0.01309015229344368,
            0.022931519895792007
        ],
        "beta_y_ctrl_4": [
            1.928617238998413,
            1.1748160123825073,
            1.6008564233779907
        ]
    },
    "limits": {
        "x3_min": -0.08,
        "x3_max": 0.08,
        "y3_min": -0.5235987755982988,
        "y3_max": 0.5235987755982988,
        "x4_min": -0.05,
        "x4_max": 0.14,
        "y4_min": -0.39269908169872414,
        "y4_max": 0.39269908169872414,
        "z_min": 0.33,
        "z_max": 1.0
    }
}